{"P": 0.3600000000000001, "-P": 0.6399999999999999}