{"-P": 0.10000000000000012, "P": 0.8999999999999999}