{"-P": 0.20000000000000007, "P": 0.7999999999999999}